Embedding	Accuracy	Class 1 Acc	Class 2 Acc	Class 3 Acc	Class 4 Acc	Class 6 Acc
0	0.7834523155775215	1804/2676	1817/2317	4894/5825	43/98	2/10
1	0.6610836536701447	1527/2676	1582/2317	4072/5825	39/98	3/10
2	0.7117883946549515	1718/2676	1718/2317	4292/5825	46/98	3/10
B	0.694856306058942	1541/2676	1584/2317	4434/5825	33/98	0/10
C	0.2517847336628226	667/2676	686/2317	1380/5825	18/98	0/10
D	0.8075233388248215	1835/2676	1851/2317	5085/5825	48/98	4/10
E	0.6792970895112576	1554/2676	1600/2317	4234/5825	33/98	1/10
F	0.6204466410397218	1426/2676	1486/2317	3837/5825	29/98	1/10
G	0.5244371224601867	1258/2676	1203/2317	3230/5825	37/98	2/10
0D	0.8222588321435109	1905/2676	1880/2317	5150/5825	47/98	2/10
02D	0.8284825187625846	1940/2676	1903/2317	5158/5825	48/98	3/10
02BD	0.8298553908109098	1944/2676	1901/2317	5171/5825	48/98	3/10
02BDE	0.8210690097016291	1923/2676	1882/2317	5115/5825	47/98	4/10
012BD	0.827567270730368	1940/2676	1893/2317	5158/5825	48/98	3/10
02BDF	0.8314113124656782	1959/2676	1919/2317	5151/5825	50/98	5/10
02BDFG	0.8310452132527915	1955/2676	1900/2317	5171/5825	49/98	5/10
02BCDF	0.8241808530111661	1940/2676	1909/2317	5104/5825	47/98	5/10
01	0.7834523155775215	1801/2676	1817/2317	4897/5825	43/98	2/10
012	0.7842760388065165	1867/2676	1831/2317	4820/5825	49/98	2/10
012B	0.7872048325096102	1870/2676	1835/2317	4844/5825	50/98	2/10
012BC	0.7628592348526451	1810/2676	1795/2317	4677/5825	51/98	2/10
012BCD	0.819421563243639	1922/2676	1884/2317	5098/5825	46/98	3/10
012BCDE	0.8121911037891268	1896/2676	1869/2317	5061/5825	44/98	4/10
012BCDEF	0.8182317408017573	1917/2676	1881/2317	5091/5825	45/98	6/10
012BCDEFG	0.8185063152114223	1913/2676	1875/2317	5102/5825	47/98	6/10
012BCDEG	0.8130148270181219	1892/2676	1869/2317	5075/5825	44/98	3/10
012BCDF	0.8240893282079443	1939/2676	1911/2317	5102/5825	47/98	5/10
012BCDFG	0.823631704191836	1936/2676	1888/2317	5122/5825	48/98	5/10
012BCDG	0.8163097199341022	1915/2676	1863/2317	5091/5825	47/98	3/10
012BCE	0.7781438769906645	1824/2676	1813/2317	4821/5825	42/98	2/10
012BCEF	0.7884861797547136	1838/2676	1831/2317	4895/5825	48/98	3/10
012BCEFG	0.7907742998352554	1845/2676	1816/2317	4927/5825	47/98	5/10
012BCEG	0.7789676002196595	1821/2676	1797/2317	4848/5825	42/98	3/10
012BCF	0.7788760754164379	1831/2676	1826/2317	4799/5825	51/98	3/10
012BCFG	0.7811641954969797	1828/2676	1817/2317	4836/5825	51/98	3/10
012BCG	0.7606626395753249	1789/2676	1764/2317	4706/5825	49/98	3/10
012BD	0.827567270730368	1940/2676	1893/2317	5158/5825	48/98	3/10
012BDE	0.819970712062969	1919/2676	1880/2317	5108/5825	48/98	4/10
012BDEF	0.8224418817499543	1935/2676	1883/2317	5115/5825	47/98	6/10
012BDEFG	0.8219842577338459	1925/2676	1879/2317	5124/5825	47/98	6/10
012BDEG	0.8175910671792056	1906/2676	1876/2317	5104/5825	44/98	3/10
012BDF	0.8294892915980231	1956/2676	1911/2317	5142/5825	49/98	5/10
012BDFG	0.8304045396302397	1955/2676	1899/2317	5164/5825	50/98	5/10
012BDG	0.8252791506498262	1936/2676	1877/2317	5155/5825	46/98	3/10
012BE	0.7907742998352554	1853/2676	1832/2317	4908/5825	45/98	2/10
012BEF	0.7994691561413143	1864/2676	1849/2317	4971/5825	48/98	3/10
012BEFG	0.8008420281896393	1856/2676	1838/2317	5005/5825	46/98	5/10
012BEG	0.790591250228812	1836/2676	1813/2317	4945/5825	41/98	3/10
012BF	0.7960827384221124	1877/2676	1850/2317	4918/5825	50/98	3/10
012BFG	0.7955335896027823	1856/2676	1836/2317	4948/5825	49/98	3/10
012BG	0.7791506498261028	1825/2676	1780/2317	4857/5825	49/98	2/10
012C	0.7579168954786747	1806/2676	1794/2317	4629/5825	50/98	2/10
012CD	0.818597840014644	1924/2676	1880/2317	5090/5825	47/98	3/10
012CDE	0.8123741533955702	1900/2676	1870/2317	5058/5825	44/98	4/10
012CDEF	0.8174995423759839	1916/2676	1878/2317	5087/5825	45/98	6/10
012CDEFG	0.8177741167856489	1909/2676	1876/2317	5097/5825	47/98	6/10
012CDEG	0.8125572030020135	1893/2676	1867/2317	5071/5825	44/98	3/10
012CDF	0.823357129782171	1939/2676	1906/2317	5100/5825	46/98	5/10
012CDFG	0.8225334065531759	1934/2676	1889/2317	5112/5825	47/98	5/10
012CDG	0.8153029470986637	1913/2676	1862/2317	5083/5825	47/98	3/10
012CE	0.775489657697236	1818/2676	1812/2317	4799/5825	42/98	2/10
012CEF	0.7871133077063884	1834/2676	1833/2317	4882/5825	48/98	3/10
012CEFG	0.7899505766062603	1844/2676	1813/2317	4922/5825	47/98	5/10
012CEG	0.7764964305326744	1821/2676	1793/2317	4825/5825	42/98	3/10
012CF	0.7753066080907927	1827/2676	1821/2317	4770/5825	50/98	3/10
012CFG	0.7783269265971078	1828/2676	1805/2317	4818/5825	50/98	3/10
012CG	0.7570931722496796	1787/2676	1761/2317	4673/5825	49/98	2/10
012D	0.8270181219110379	1940/2676	1891/2317	5154/5825	48/98	3/10
012DE	0.8196961376533041	1918/2676	1879/2317	5108/5825	47/98	4/10
012DEF	0.8220757825370676	1933/2676	1882/2317	5115/5825	46/98	6/10
012DEFG	0.8219842577338459	1926/2676	1881/2317	5121/5825	47/98	6/10
012DEG	0.8175910671792056	1909/2676	1875/2317	5102/5825	44/98	3/10
012DF	0.8294892915980231	1953/2676	1907/2317	5149/5825	49/98	5/10
012DFG	0.8295808164012447	1953/2676	1896/2317	5163/5825	47/98	5/10
012DG	0.824455427420831	1934/2676	1875/2317	5150/5825	46/98	3/10
012E	0.7887607541643785	1849/2676	1826/2317	4899/5825	42/98	2/10
012EF	0.7977301848801025	1859/2676	1850/2317	4956/5825	48/98	3/10
012EFG	0.7995606809445359	1853/2676	1834/2317	4998/5825	46/98	5/10
012EG	0.7890353285740436	1836/2676	1810/2317	4932/5825	40/98	3/10
012F	0.7937946183415706	1868/2676	1852/2317	4901/5825	49/98	3/10
012FG	0.7937946183415706	1856/2676	1832/2317	4933/5825	48/98	4/10
012G	0.7762218561230093	1819/2676	1782/2317	4833/5825	46/98	1/10
01B	0.7885777045579352	1815/2676	1824/2317	4932/5825	43/98	2/10
01BC	0.7499542375983892	1719/2676	1766/2317	4666/5825	41/98	2/10
01BCD	0.8120995789859052	1879/2676	1865/2317	5080/5825	46/98	3/10
01BCDE	0.804319970712063	1855/2676	1858/2317	5029/5825	42/98	4/10
01BCDEF	0.8084385868570383	1883/2676	1854/2317	5046/5825	45/98	5/10
01BCDEFG	0.8126487278052352	1899/2676	1869/2317	5064/5825	42/98	5/10
01BCDEG	0.80907926047959	1882/2676	1859/2317	5053/5825	41/98	5/10
01BCDF	0.8181402159985356	1910/2676	1866/2317	5109/5825	49/98	5/10
01BCDFG	0.8175910671792056	1908/2676	1869/2317	5103/5825	47/98	6/10
01BCDG	0.8133809262310085	1891/2676	1849/2317	5098/5825	45/98	4/10
01BCE	0.758099945085118	1726/2676	1772/2317	4745/5825	38/98	2/10
01BCEF	0.7676185246201721	1768/2676	1785/2317	4787/5825	43/98	4/10
01BCEFG	0.7741167856489108	1781/2676	1778/2317	4849/5825	46/98	4/10
01BCEG	0.761760937213985	1751/2676	1757/2317	4774/5825	37/98	4/10
01BCF	0.751418634449936	1742/2676	1746/2317	4673/5825	46/98	3/10
01BCFG	0.7648727805235219	1777/2676	1761/2317	4767/5825	48/98	4/10
01BCG	0.7446457990115322	1724/2676	1723/2317	4644/5825	43/98	2/10
01BD	0.8241808530111661	1907/2676	1888/2317	5159/5825	48/98	3/10
01BDE	0.8131978766245652	1875/2676	1862/2317	5101/5825	43/98	4/10
01BDEF	0.8151198974922204	1893/2676	1862/2317	5100/5825	46/98	5/10
01BDEFG	0.8184147904082006	1912/2676	1877/2317	5106/5825	42/98	5/10
01BDEG	0.8129233022149003	1884/2676	1861/2317	5092/5825	41/98	4/10
01BDF	0.8265604978949296	1934/2676	1888/2317	5154/5825	51/98	4/10
01BDFG	0.8246384770272744	1922/2676	1872/2317	5163/5825	48/98	5/10
01BDG	0.8217096833241808	1906/2676	1858/2317	5166/5825	45/98	3/10
01BE	0.7732015376166941	1772/2676	1788/2317	4848/5825	38/98	2/10
01BEF	0.7839099395936299	1803/2676	1804/2317	4911/5825	43/98	4/10
01BEFG	0.7893099029837086	1817/2676	1800/2317	4957/5825	46/98	4/10
01BEG	0.7762218561230093	1781/2676	1778/2317	4881/5825	37/98	4/10
01BF	0.7750320336811276	1787/2676	1782/2317	4850/5825	46/98	3/10
01BFG	0.7829946915614131	1811/2676	1778/2317	4915/5825	48/98	3/10
01BG	0.7733845872231375	1781/2676	1747/2317	4880/5825	40/98	2/10
01C	0.7433644517664287	1707/2676	1753/2317	4620/5825	40/98	2/10
01CD	0.80907926047959	1867/2676	1860/2317	5065/5825	45/98	3/10
01CDE	0.8034047226798462	1854/2676	1854/2317	5024/5825	42/98	4/10
01CDEF	0.80907926047959	1883/2676	1858/2317	5049/5825	45/98	5/10
01CDEFG	0.8123741533955702	1898/2676	1866/2317	5063/5825	43/98	6/10
01CDEG	0.8074318140215998	1878/2676	1853/2317	5044/5825	42/98	5/10
01CDF	0.8173164927695405	1911/2676	1863/2317	5102/5825	49/98	5/10
01CDFG	0.8165842943437671	1904/2676	1863/2317	5100/5825	49/98	6/10
01CDG	0.8112758557569101	1887/2676	1847/2317	5081/5825	45/98	4/10
01CE	0.7537067545304778	1720/2676	1761/2317	4713/5825	39/98	2/10
01CEF	0.7648727805235219	1756/2676	1780/2317	4774/5825	43/98	4/10
01CEFG	0.7712795167490389	1777/2676	1767/2317	4834/5825	45/98	4/10
01CEG	0.7589236683141132	1748/2676	1751/2317	4752/5825	37/98	4/10
01CF	0.747483067911404	1737/2676	1740/2317	4642/5825	45/98	3/10
01CFG	0.76203551162365	1774/2676	1758/2317	4742/5825	48/98	4/10
01CG	0.738788211605345	1715/2676	1710/2317	4604/5825	41/98	2/10
01D	0.8218927329306241	1903/2676	1878/2317	5149/5825	47/98	3/10
01DE	0.8125572030020135	1879/2676	1859/2317	5093/5825	43/98	4/10
01DEF	0.8152114222954421	1895/2676	1857/2317	5105/5825	45/98	5/10
01DEFG	0.8176825919824272	1909/2676	1875/2317	5102/5825	42/98	6/10
01DEG	0.8120080541826835	1882/2676	1854/2317	5091/5825	41/98	4/10
01DF	0.8261028738788212	1926/2676	1884/2317	5160/5825	51/98	5/10
01DFG	0.8238147537982793	1919/2676	1872/2317	5156/5825	48/98	6/10
01DG	0.8211605345048508	1904/2676	1862/2317	5156/5825	46/98	4/10
01E	0.770730367929709	1764/2676	1781/2317	4836/5825	38/98	2/10
01EF	0.780798096284093	1791/2676	1799/2317	4895/5825	42/98	4/10
01EFG	0.7862895844773934	1807/2676	1793/2317	4941/5825	46/98	4/10
01EG	0.7734761120263591	1780/2676	1767/2317	4864/5825	36/98	4/10
01F	0.7699981695039355	1781/2676	1778/2317	4810/5825	41/98	3/10
01FG	0.7798828482518763	1806/2676	1779/2317	4886/5825	47/98	3/10
01G	0.7697235950942706	1788/2676	1738/2317	4844/5825	39/98	1/10
02	0.7853743364451766	1865/2676	1839/2317	4827/5825	48/98	2/10
02B	0.7879370309353835	1873/2676	1838/2317	4847/5825	49/98	2/10
02BC	0.7607541643785466	1805/2676	1795/2317	4661/5825	49/98	2/10
02BCD	0.8206113856855207	1923/2676	1887/2317	5107/5825	46/98	3/10
02BCDE	0.8131063518213436	1898/2676	1872/2317	5066/5825	44/98	4/10
02BCDEF	0.8184147904082006	1918/2676	1880/2317	5093/5825	45/98	6/10
02BCDEFG	0.8185063152114223	1913/2676	1876/2317	5101/5825	47/98	6/10
02BCDEG	0.8130148270181219	1894/2676	1869/2317	5073/5825	44/98	3/10
02BCDF	0.8241808530111661	1940/2676	1909/2317	5104/5825	47/98	5/10
02BCDFG	0.8240893282079443	1937/2676	1889/2317	5124/5825	49/98	5/10
02BCDG	0.8164927695405455	1912/2676	1866/2317	5093/5825	47/98	3/10
02BCE	0.7773201537616694	1817/2676	1810/2317	4823/5825	41/98	2/10
02BCEF	0.7883946549514919	1838/2676	1832/2317	4894/5825	47/98	3/10
02BCEFG	0.7904082006223687	1839/2676	1814/2317	4931/5825	47/98	5/10
02BCEG	0.7781438769906645	1817/2676	1796/2317	4844/5825	42/98	3/10
02BCF	0.7769540545487827	1822/2676	1825/2317	4788/5825	51/98	3/10
02BCFG	0.7809811458905364	1831/2676	1808/2317	4840/5825	51/98	3/10
02BCG	0.7600219659527732	1786/2676	1762/2317	4705/5825	48/98	3/10
02BD	0.8298553908109098	1944/2676	1901/2317	5171/5825	48/98	3/10
02BDE	0.8210690097016291	1923/2676	1882/2317	5115/5825	47/98	4/10
02BDEF	0.8234486545853926	1942/2676	1883/2317	5119/5825	47/98	6/10
02BDEFG	0.8222588321435109	1926/2676	1883/2317	5122/5825	47/98	6/10
02BDEG	0.8183232656049789	1907/2676	1878/2317	5109/5825	44/98	3/10
02BDF	0.8314113124656782	1959/2676	1919/2317	5151/5825	50/98	5/10
02BDFG	0.8310452132527915	1955/2676	1900/2317	5171/5825	49/98	5/10
02BDG	0.8255537250594911	1936/2676	1878/2317	5157/5825	46/98	3/10
02BE	0.7902251510159253	1845/2676	1833/2317	4909/5825	45/98	2/10
02BEF	0.7993776313380926	1862/2676	1852/2317	4969/5825	48/98	3/10
02BEFG	0.8008420281896393	1855/2676	1837/2317	5007/5825	46/98	5/10
02BEG	0.7896760021965953	1837/2676	1803/2317	4943/5825	42/98	3/10
02BF	0.7964488376349991	1867/2676	1856/2317	4928/5825	48/98	3/10
02BFG	0.7952590151931174	1848/2676	1838/2317	4952/5825	48/98	3/10
02BG	0.7803404722679846	1824/2676	1780/2317	4871/5825	49/98	2/10
02C	0.7564524986271279	1797/2676	1795/2317	4624/5825	47/98	2/10
02CD	0.8190554640307524	1923/2676	1887/2317	5089/5825	47/98	3/10
02CDE	0.8128317774116786	1899/2676	1872/2317	5062/5825	44/98	4/10
02CDEF	0.8175910671792056	1918/2676	1877/2317	5087/5825	45/98	6/10
02CDEFG	0.8167673439502106	1908/2676	1870/2317	5093/5825	47/98	6/10
02CDEG	0.8125572030020135	1894/2676	1869/2317	5069/5825	43/98	3/10
02CDF	0.8235401793886143	1937/2676	1907/2317	5103/5825	46/98	5/10
02CDFG	0.823082555372506	1933/2676	1889/2317	5120/5825	46/98	5/10
02CDG	0.8153944719018854	1907/2676	1866/2317	5087/5825	46/98	3/10
02CE	0.7753981328940143	1811/2676	1812/2317	4806/5825	41/98	2/10
02CEF	0.7869302580999451	1832/2676	1833/2317	4883/5825	47/98	3/10
02CEFG	0.7889438037708218	1838/2676	1812/2317	4918/5825	47/98	5/10
02CEG	0.7767710049423394	1821/2676	1791/2317	4830/5825	42/98	3/10
02CF	0.7741167856489108	1816/2676	1820/2317	4769/5825	50/98	3/10
02CFG	0.7782354017938862	1829/2676	1804/2317	4819/5825	48/98	3/10
02CG	0.7563609738239063	1784/2676	1759/2317	4671/5825	48/98	2/10
02D	0.8284825187625846	1940/2676	1903/2317	5158/5825	48/98	3/10
02DE	0.8204283360790774	1918/2676	1880/2317	5115/5825	47/98	4/10
02DEF	0.8228995057660626	1941/2676	1884/2317	5115/5825	45/98	6/10
02DEFG	0.8221673073402892	1925/2676	1880/2317	5125/5825	47/98	6/10
02DEG	0.8179571663920923	1907/2676	1876/2317	5107/5825	44/98	3/10
02DF	0.8305875892366832	1952/2676	1918/2317	5151/5825	49/98	5/10
02DFG	0.8301299652205748	1953/2676	1897/2317	5167/5825	48/98	5/10
02DG	0.8238147537982793	1929/2676	1876/2317	5148/5825	45/98	3/10
02E	0.7881200805418268	1842/2676	1824/2317	4902/5825	41/98	2/10
02EF	0.7975471352736592	1856/2676	1852/2317	4955/5825	48/98	3/10
02EFG	0.799835255354201	1853/2676	1833/2317	5002/5825	46/98	5/10
02EG	0.7883031301482701	1837/2676	1804/2317	4929/5825	40/98	3/10
02F	0.7938861431447922	1862/2676	1855/2317	4907/5825	47/98	3/10
02FG	0.7928793703093538	1846/2676	1829/2317	4936/5825	48/98	4/10
02G	0.7771371041552261	1816/2676	1780/2317	4847/5825	47/98	1/10
0B	0.7872963573128318	1808/2676	1822/2317	4927/5825	43/98	2/10
0BC	0.7470254438952956	1704/2676	1757/2317	4658/5825	41/98	2/10
0BCD	0.8126487278052352	1876/2676	1865/2317	5089/5825	47/98	2/10
0BCDE	0.8050521691378364	1855/2676	1857/2317	5038/5825	42/98	4/10
0BCDEF	0.8088962108731467	1888/2676	1853/2317	5047/5825	45/98	5/10
0BCDEFG	0.8131978766245652	1902/2676	1865/2317	5071/5825	42/98	5/10
0BCDEG	0.808804686069925	1882/2676	1857/2317	5052/5825	41/98	5/10
0BCDF	0.8178656415888705	1908/2676	1868/2317	5107/5825	48/98	5/10
0BCDFG	0.8179571663920923	1908/2676	1865/2317	5110/5825	48/98	6/10
0BCDG	0.8137470254438953	1886/2676	1852/2317	5103/5825	46/98	4/10
0BCE	0.7552626761852462	1725/2676	1762/2317	4725/5825	38/98	2/10
0BCEF	0.7671609006040637	1765/2676	1783/2317	4787/5825	43/98	4/10
0BCEFG	0.7736591616328025	1777/2676	1776/2317	4850/5825	46/98	4/10
0BCEG	0.7622185612300933	1752/2676	1755/2317	4780/5825	37/98	4/10
0BCF	0.7505033864177192	1736/2676	1746/2317	4669/5825	46/98	3/10
0BCFG	0.76258466044298	1769/2676	1754/2317	4757/5825	48/98	4/10
0BCG	0.7418085301116603	1708/2676	1713/2317	4639/5825	43/98	2/10
0BD	0.8253706754530478	1911/2676	1892/2317	5165/5825	48/98	2/10
0BDE	0.8136555006406736	1880/2676	1865/2317	5098/5825	43/98	4/10
0BDEF	0.8150283726889987	1896/2676	1858/2317	5102/5825	44/98	5/10
0BDEFG	0.8178656415888705	1907/2676	1874/2317	5108/5825	42/98	5/10
0BDEG	0.8134724510342303	1887/2676	1859/2317	5097/5825	41/98	4/10
0BDF	0.8263774482884861	1935/2676	1881/2317	5159/5825	50/98	4/10
0BDFG	0.8239978034047227	1920/2676	1874/2317	5156/5825	48/98	5/10
0BDG	0.8219842577338459	1904/2676	1862/2317	5166/5825	46/98	3/10
0BE	0.7730184880102507	1775/2676	1787/2317	4844/5825	38/98	2/10
0BEF	0.7833607907742999	1798/2676	1804/2317	4910/5825	43/98	4/10
0BEFG	0.7893099029837086	1814/2676	1798/2317	4962/5825	46/98	4/10
0BEG	0.7753066080907927	1785/2676	1765/2317	4880/5825	37/98	4/10
0BF	0.7735676368295809	1778/2676	1779/2317	4847/5825	45/98	3/10
0BFG	0.7831777411678564	1807/2676	1781/2317	4918/5825	48/98	3/10
0BG	0.771828665568369	1781/2676	1738/2317	4873/5825	40/98	1/10
0C	0.7407102324730002	1697/2676	1751/2317	4602/5825	41/98	2/10
0CD	0.8102690829214717	1866/2676	1862/2317	5077/5825	46/98	2/10
0CDE	0.8034962474830679	1853/2676	1855/2317	5026/5825	41/98	4/10
0CDEF	0.808255537250595	1883/2676	1852/2317	5046/5825	45/98	5/10
0CDEFG	0.8130148270181219	1900/2676	1866/2317	5068/5825	43/98	6/10
0CDEG	0.8079809628409299	1879/2676	1854/2317	5048/5825	42/98	5/10
0CDF	0.8166758191469888	1906/2676	1864/2317	5100/5825	48/98	5/10
0CDFG	0.8164927695405455	1902/2676	1862/2317	5103/5825	48/98	6/10
0CDG	0.8118250045762402	1886/2676	1853/2317	5082/5825	45/98	4/10
0CE	0.752516932088596	1721/2676	1759/2317	4702/5825	38/98	2/10
0CEF	0.7640490572945268	1751/2676	1780/2317	4770/5825	43/98	4/10
0CEFG	0.7711879919458173	1775/2676	1771/2317	4830/5825	46/98	4/10
0CEG	0.7587406187076697	1746/2676	1749/2317	4754/5825	37/98	4/10
0CF	0.7437305509793154	1724/2676	1733/2317	4622/5825	45/98	2/10
0CFG	0.7606626395753249	1763/2676	1754/2317	4743/5825	47/98	4/10
0CG	0.7348526450668131	1702/2676	1702/2317	4583/5825	41/98	1/10
0D	0.8222588321435109	1905/2676	1880/2317	5150/5825	47/98	2/10
0DE	0.8131063518213436	1877/2676	1864/2317	5097/5825	42/98	4/10
0DEF	0.8153944719018854	1899/2676	1859/2317	5101/5825	45/98	5/10
0DEFG	0.8169503935566539	1907/2676	1870/2317	5101/5825	42/98	6/10
0DEG	0.8124656781987919	1881/2676	1858/2317	5093/5825	41/98	4/10
0DF	0.8260113490755995	1926/2676	1879/2317	5164/5825	51/98	5/10
0DFG	0.8238147537982793	1918/2676	1876/2317	5153/5825	48/98	6/10
0DG	0.8217096833241808	1909/2676	1863/2317	5157/5825	46/98	3/10
0E	0.7699981695039355	1768/2676	1784/2317	4821/5825	38/98	2/10
0EF	0.7804319970712063	1788/2676	1801/2317	4892/5825	42/98	4/10
0EFG	0.7853743364451766	1801/2676	1794/2317	4936/5825	46/98	4/10
0EG	0.7731100128134725	1778/2676	1763/2317	4865/5825	37/98	4/10
0F	0.7679846238330588	1774/2676	1771/2317	4803/5825	40/98	3/10
0FG	0.7789676002196595	1792/2676	1780/2317	4889/5825	47/98	3/10
0G	0.7667948013911771	1780/2676	1730/2317	4829/5825	38/98	1/10
12	0.7146256635548234	1721/2676	1727/2317	4311/5825	46/98	3/10
12B	0.7265238879736409	1729/2676	1737/2317	4421/5825	48/98	3/10
12BC	0.6838733296723412	1643/2676	1663/2317	4115/5825	48/98	3/10
12BCD	0.8061504667764964	1882/2676	1851/2317	5025/5825	47/98	3/10
12BCDE	0.8034047226798462	1869/2676	1851/2317	5008/5825	44/98	6/10
12BCDEF	0.8089877356763683	1901/2676	1847/2317	5040/5825	45/98	6/10
12BCDEFG	0.8095368844956984	1889/2676	1844/2317	5060/5825	47/98	5/10
12BCDEG	0.8049606443346147	1875/2676	1847/2317	5026/5825	42/98	5/10
12BCDF	0.8120080541826835	1908/2676	1869/2317	5043/5825	48/98	4/10
12BCDFG	0.814113124656782	1917/2676	1860/2317	5066/5825	47/98	5/10
12BCDG	0.8040453963023979	1869/2676	1840/2317	5025/5825	47/98	4/10
12BCE	0.7398865092440051	1726/2676	1743/2317	4569/5825	43/98	3/10
12BCEF	0.7661541277686253	1795/2676	1785/2317	4740/5825	46/98	5/10
12BCEFG	0.7711879919458173	1808/2676	1766/2317	4801/5825	46/98	5/10
12BCEG	0.7467508694856306	1756/2676	1727/2317	4631/5825	41/98	4/10
12BCF	0.7368661907376899	1765/2676	1749/2317	4487/5825	46/98	4/10
12BCFG	0.7457440966501923	1765/2676	1741/2317	4591/5825	47/98	4/10
12BCG	0.7006223686619074	1688/2676	1661/2317	4256/5825	48/98	2/10
12BD	0.8211605345048508	1923/2676	1884/2317	5114/5825	48/98	3/10
12BDE	0.8136555006406736	1902/2676	1874/2317	5065/5825	43/98	6/10
12BDEF	0.8174080175727623	1923/2676	1866/2317	5091/5825	45/98	6/10
12BDEFG	0.8165842943437671	1899/2676	1864/2317	5107/5825	47/98	5/10
12BDEG	0.8117334797730185	1893/2676	1864/2317	5067/5825	40/98	5/10
12BDF	0.8250045762401611	1938/2676	1898/2317	5124/5825	50/98	4/10
12BDFG	0.8227164561596193	1930/2676	1879/2317	5129/5825	47/98	4/10
12BDG	0.8170419183598755	1909/2676	1852/2317	5117/5825	45/98	4/10
12BE	0.7609372139849899	1772/2676	1763/2317	4735/5825	41/98	3/10
12BEF	0.7817133443163097	1827/2676	1809/2317	4854/5825	46/98	5/10
12BEFG	0.7836353651839648	1835/2676	1781/2317	4895/5825	46/98	5/10
12BEG	0.7666117517847336	1798/2676	1743/2317	4790/5825	41/98	4/10
12BF	0.7613948380010983	1818/2676	1799/2317	4653/5825	45/98	4/10
12BFG	0.7649643053267435	1802/2676	1768/2317	4736/5825	48/98	4/10
12BG	0.7321984257733846	1736/2676	1704/2317	4511/5825	47/98	2/10
12C	0.6720666300567454	1630/2676	1655/2317	4008/5825	47/98	3/10
12CD	0.8045030203185063	1876/2676	1852/2317	5013/5825	46/98	3/10
12CDE	0.8020318506315212	1862/2676	1846/2317	5006/5825	44/98	5/10
12CDEF	0.8077063884312649	1898/2676	1843/2317	5033/5825	45/98	6/10
12CDEFG	0.8092623100860333	1888/2676	1848/2317	5055/5825	46/98	5/10
12CDEG	0.8034962474830679	1876/2676	1843/2317	5013/5825	42/98	5/10
12CDF	0.8099945085118067	1899/2676	1866/2317	5033/5825	48/98	4/10
12CDFG	0.8127402526084568	1913/2676	1860/2317	5055/5825	47/98	5/10
12CDG	0.8028555738605162	1867/2676	1839/2317	5015/5825	47/98	4/10
12CE	0.7350356946732565	1720/2676	1737/2317	4529/5825	42/98	3/10
12CEF	0.7610287387882116	1787/2676	1770/2317	4707/5825	46/98	5/10
12CEFG	0.7677100494233937	1804/2676	1761/2317	4772/5825	46/98	5/10
12CEG	0.7431814021599854	1748/2676	1724/2317	4603/5825	41/98	4/10
12CF	0.7301848801025078	1746/2676	1746/2317	4437/5825	45/98	4/10
12CFG	0.7412593812923303	1757/2676	1739/2317	4551/5825	47/98	5/10
12CG	0.6907376899139667	1673/2676	1642/2317	4184/5825	46/98	2/10
12D	0.8183232656049789	1914/2676	1875/2317	5101/5825	48/98	3/10
12DE	0.8124656781987919	1901/2676	1868/2317	5059/5825	43/98	6/10
12DEF	0.8170419183598755	1926/2676	1865/2317	5085/5825	45/98	6/10
12DEFG	0.8163097199341022	1900/2676	1868/2317	5098/5825	48/98	5/10
12DEG	0.8110012813472451	1892/2676	1860/2317	5064/5825	40/98	5/10
12DF	0.8237232289950577	1934/2676	1894/2317	5118/5825	50/98	4/10
12DFG	0.8208859600951858	1920/2676	1876/2317	5123/5825	46/98	4/10
12DG	0.8159436207212154	1903/2676	1855/2317	5109/5825	44/98	4/10
12E	0.7573677466593447	1761/2676	1757/2317	4713/5825	41/98	3/10
12EF	0.7773201537616694	1818/2676	1803/2317	4821/5825	46/98	5/10
12EFG	0.780523521874428	1826/2676	1779/2317	4872/5825	46/98	5/10
12EG	0.7632253340655317	1795/2676	1742/2317	4758/5825	40/98	4/10
12F	0.7558118250045762	1806/2676	1795/2317	4610/5825	43/98	4/10
12FG	0.7616694124107634	1798/2676	1756/2317	4717/5825	47/98	4/10
12G	0.7208493501738972	1724/2676	1682/2317	4424/5825	44/98	2/10
1B	0.709683324180853	1610/2676	1640/2317	4460/5825	42/98	2/10
1BC	0.5180303862346696	1252/2676	1272/2317	3093/5825	40/98	3/10
1BCD	0.790042101409482	1786/2676	1827/2317	4969/5825	46/98	4/10
1BCDE	0.78665568369028	1788/2676	1821/2317	4937/5825	43/98	6/10
1BCDEF	0.7965403624382208	1843/2676	1826/2317	4982/5825	46/98	6/10
1BCDEFG	0.8012081274025261	1853/2676	1846/2317	5004/5825	46/98	5/10
1BCDEG	0.7925132710964672	1821/2676	1817/2317	4975/5825	40/98	6/10
1BCDF	0.8015742266154128	1850/2676	1842/2317	5013/5825	48/98	5/10
1BCDFG	0.8020318506315212	1850/2676	1831/2317	5027/5825	50/98	5/10
1BCDG	0.7926047958996888	1817/2676	1792/2317	5000/5825	47/98	4/10
1BCE	0.6660259930441149	1541/2676	1566/2317	4134/5825	33/98	3/10
1BCEF	0.7251510159253157	1675/2676	1700/2317	4503/5825	42/98	3/10
1BCEFG	0.738788211605345	1704/2676	1702/2317	4617/5825	45/98	4/10
1BCEG	0.6968698517298187	1621/2676	1607/2317	4343/5825	39/98	4/10
1BCF	0.632710964671426	1467/2676	1526/2317	3882/5825	35/98	3/10
1BCFG	0.6871682225883214	1613/2676	1598/2317	4250/5825	43/98	4/10
1BCG	0.5637927878455061	1371/2676	1304/2317	3439/5825	43/98	3/10
1BD	0.8117334797730185	1856/2676	1865/2317	5097/5825	47/98	4/10
1BDE	0.7985539081090975	1823/2676	1837/2317	5016/5825	43/98	6/10
1BDEF	0.8061504667764964	1869/2676	1838/2317	5049/5825	46/98	6/10
1BDEFG	0.8078894380377082	1869/2676	1845/2317	5063/5825	45/98	5/10
1BDEG	0.8023979498444078	1853/2676	1831/2317	5037/5825	40/98	6/10
1BDF	0.8144792238696686	1874/2676	1865/2317	5107/5825	49/98	4/10
1BDFG	0.8153944719018854	1879/2676	1860/2317	5118/5825	48/98	4/10
1BDG	0.8058758923668314	1852/2676	1816/2317	5088/5825	45/98	4/10
1BE	0.6989749222039172	1610/2676	1629/2317	4360/5825	36/98	2/10
1BEF	0.7414424308987736	1710/2676	1717/2317	4633/5825	39/98	2/10
1BEFG	0.7535237049240344	1736/2676	1719/2317	4727/5825	47/98	4/10
1BEG	0.7237781438769907	1676/2676	1637/2317	4551/5825	40/98	4/10
1BF	0.6602599304411495	1517/2676	1566/2317	4097/5825	33/98	1/10
1BFG	0.7165476844224785	1660/2676	1656/2317	4467/5825	43/98	3/10
1BG	0.6376533040453963	1514/2676	1411/2317	3996/5825	44/98	2/10
1C	0.41625480505216916	1083/2676	1124/2317	2305/5825	35/98	1/10
1CD	0.7839099395936299	1769/2676	1811/2317	4935/5825	46/98	4/10
1CDE	0.7828116419549698	1779/2676	1812/2317	4914/5825	42/98	6/10
1CDEF	0.7947098663737873	1834/2676	1830/2317	4968/5825	45/98	6/10
1CDEFG	0.7994691561413143	1850/2676	1836/2317	4998/5825	46/98	5/10
1CDEG	0.790042101409482	1820/2676	1813/2317	4953/5825	40/98	6/10
1CDF	0.7989200073219842	1844/2676	1840/2317	4994/5825	46/98	5/10
1CDFG	0.7980962840929892	1833/2676	1825/2317	5008/5825	49/98	5/10
1CDG	0.7875709317224968	1801/2676	1775/2317	4978/5825	47/98	4/10
1CE	0.6522057477576423	1504/2676	1538/2317	4050/5825	32/98	2/10
1CEF	0.7170053084385869	1658/2676	1688/2317	4445/5825	40/98	3/10
1CEFG	0.7340289218378181	1689/2676	1689/2317	4593/5825	45/98	4/10
1CEG	0.6868936481786564	1607/2676	1585/2317	4270/5825	39/98	4/10
1CF	0.6116602599304412	1426/2676	1481/2317	3740/5825	33/98	3/10
1CFG	0.6742632253340656	1584/2676	1581/2317	4157/5825	41/98	4/10
1CG	0.5160168405637928	1262/2676	1241/2317	3090/5825	41/98	4/10
1D	0.8089877356763683	1843/2676	1858/2317	5086/5825	48/98	4/10
1DE	0.7958081640124474	1814/2676	1832/2317	5001/5825	42/98	6/10
1DEF	0.8034047226798462	1862/2676	1837/2317	5028/5825	45/98	6/10
1DEFG	0.8073402892183782	1864/2676	1845/2317	5062/5825	45/98	5/10
1DEG	0.8002928793703094	1847/2676	1829/2317	5022/5825	40/98	6/10
1DF	0.8130148270181219	1870/2676	1861/2317	5098/5825	49/98	5/10
1DFG	0.8137470254438953	1874/2676	1852/2317	5112/5825	48/98	5/10
1DG	0.8023064250411862	1839/2676	1813/2317	5064/5825	46/98	4/10
1E	0.6851546769174446	1567/2676	1606/2317	4277/5825	34/98	2/10
1EF	0.7332051986088229	1688/2676	1711/2317	4571/5825	39/98	2/10
1EFG	0.7493135639758375	1720/2676	1711/2317	4705/5825	47/98	4/10
1EG	0.7150832875709318	1659/2676	1629/2317	4483/5825	38/98	4/10
1F	0.6366465312099578	1470/2676	1521/2317	3931/5825	32/98	2/10
1FG	0.7026359143327842	1638/2676	1637/2317	4358/5825	41/98	3/10
1G	0.5785282811641955	1392/2676	1321/2317	3564/5825	41/98	3/10
2B	0.7261577887607542	1731/2676	1728/2317	4425/5825	47/98	3/10
2BC	0.6794801391177009	1643/2676	1655/2317	4075/5825	48/98	3/10
2BCD	0.8076148636280432	1883/2676	1864/2317	5027/5825	47/98	3/10
2BCDE	0.8040453963023979	1867/2676	1853/2317	5015/5825	44/98	6/10
2BCDEF	0.8097199341021417	1901/2676	1849/2317	5046/5825	45/98	6/10
2BCDEFG	0.8098114589053633	1887/2676	1847/2317	5062/5825	47/98	5/10
2BCDEG	0.8056013179571664	1875/2676	1847/2317	5034/5825	41/98	5/10
2BCDF	0.8118250045762402	1904/2676	1871/2317	5043/5825	48/98	4/10
2BCDFG	0.8150283726889987	1924/2676	1860/2317	5069/5825	47/98	5/10
2BCDG	0.8047775947281713	1876/2676	1837/2317	5028/5825	48/98	4/10
2BCE	0.7398865092440051	1719/2676	1748/2317	4574/5825	40/98	3/10
2BCEF	0.7649643053267435	1798/2676	1778/2317	4731/5825	46/98	5/10
2BCEFG	0.770181219110379	1809/2676	1764/2317	4791/5825	46/98	5/10
2BCEG	0.7470254438952956	1752/2676	1730/2317	4635/5825	41/98	4/10
2BCF	0.733479773018488	1752/2676	1746/2317	4467/5825	45/98	4/10
2BCFG	0.7442796997986454	1763/2676	1736/2317	4583/5825	46/98	4/10
2BCG	0.6970529013362621	1674/2676	1654/2317	4239/5825	47/98	2/10
2BD	0.8211605345048508	1924/2676	1882/2317	5115/5825	48/98	3/10
2BDE	0.814387699066447	1903/2676	1875/2317	5071/5825	43/98	6/10
2BDEF	0.8183232656049789	1925/2676	1872/2317	5093/5825	45/98	6/10
2BDEFG	0.8172249679663188	1897/2676	1868/2317	5112/5825	47/98	5/10
2BDEG	0.8122826285923486	1894/2676	1866/2317	5070/5825	40/98	5/10
2BDF	0.8256452498627128	1937/2676	1900/2317	5130/5825	50/98	4/10
2BDFG	0.8232656049789493	1936/2676	1878/2317	5130/5825	47/98	4/10
2BDG	0.8169503935566539	1909/2676	1852/2317	5117/5825	44/98	4/10
2BE	0.7618524620172067	1769/2676	1768/2317	4744/5825	40/98	3/10
2BEF	0.7811641954969797	1824/2676	1810/2317	4850/5825	46/98	5/10
2BEFG	0.7843675636097382	1834/2676	1785/2317	4900/5825	46/98	5/10
2BEG	0.7655134541460736	1794/2676	1739/2317	4786/5825	41/98	4/10
2BF	0.7602050155592166	1811/2676	1798/2317	4648/5825	45/98	4/10
2BFG	0.7636829580816401	1801/2676	1760/2317	4731/5825	48/98	4/10
2BG	0.7310086033315029	1731/2676	1699/2317	4509/5825	46/98	2/10
2C	0.6670327658795534	1631/2676	1646/2317	3962/5825	46/98	3/10
2CD	0.8064250411861614	1882/2676	1860/2317	5020/5825	46/98	3/10
2CDE	0.8020318506315212	1860/2676	1847/2317	5007/5825	43/98	6/10
2CDEF	0.8079809628409299	1900/2676	1844/2317	5033/5825	45/98	6/10
2CDEFG	0.8089877356763683	1889/2676	1849/2317	5050/5825	46/98	5/10
2CDEG	0.8048691195313931	1878/2676	1849/2317	5021/5825	41/98	5/10
2CDF	0.8110928061504667	1902/2676	1875/2317	5033/5825	48/98	4/10
2CDFG	0.8139300750503387	1913/2676	1862/2317	5066/5825	47/98	5/10
2CDG	0.8034047226798462	1870/2676	1840/2317	5017/5825	47/98	4/10
2CE	0.7338458722313747	1717/2676	1741/2317	4517/5825	40/98	3/10
2CEF	0.7597473915431082	1789/2676	1767/2317	4693/5825	47/98	5/10
2CEFG	0.7678015742266154	1806/2676	1760/2317	4773/5825	45/98	5/10
2CEG	0.7417170053084385	1748/2676	1725/2317	4586/5825	41/98	4/10
2CF	0.7278052352187443	1741/2676	1738/2317	4424/5825	45/98	4/10
2CFG	0.7391543108182317	1757/2676	1728/2317	4540/5825	46/98	5/10
2CG	0.6861614497528831	1664/2676	1634/2317	4151/5825	46/98	2/10
2D	0.8193300384404174	1916/2676	1879/2317	5106/5825	48/98	3/10
2DE	0.8131063518213436	1899/2676	1870/2317	5066/5825	43/98	6/10
2DEF	0.8176825919824272	1927/2676	1871/2317	5085/5825	45/98	6/10
2DEFG	0.8164927695405455	1900/2676	1869/2317	5100/5825	47/98	5/10
2DEG	0.8120080541826835	1892/2676	1863/2317	5072/5825	40/98	5/10
2DF	0.8249130514369394	1932/2676	1895/2317	5133/5825	49/98	4/10
2DFG	0.8218927329306241	1927/2676	1877/2317	5126/5825	46/98	4/10
2DG	0.8159436207212154	1905/2676	1856/2317	5106/5825	44/98	4/10
2E	0.7571846970529014	1761/2676	1768/2317	4700/5825	41/98	3/10
2EF	0.7762218561230093	1817/2676	1800/2317	4813/5825	46/98	5/10
2EFG	0.7804319970712063	1830/2676	1775/2317	4871/5825	46/98	5/10
2EG	0.7618524620172067	1791/2676	1747/2317	4742/5825	40/98	4/10
2F	0.7536152297272561	1797/2676	1786/2317	4606/5825	41/98	4/10
2FG	0.7591067179205565	1792/2676	1755/2317	4697/5825	46/98	4/10
2G	0.7187442796997986	1716/2676	1675/2317	4416/5825	44/98	2/10
BC	0.4541460735859418	1110/2676	1114/2317	2706/5825	32/98	0/10
BCD	0.7902251510159253	1787/2676	1826/2317	4971/5825	46/98	4/10
BCDE	0.7861980596741717	1793/2676	1819/2317	4931/5825	41/98	6/10
BCDEF	0.796174263225334	1841/2676	1826/2317	4981/5825	45/98	6/10
BCDEFG	0.8007505033864177	1856/2676	1844/2317	4997/5825	47/98	5/10
BCDEG	0.7919641222771371	1822/2676	1816/2317	4970/5825	40/98	5/10
BCDF	0.8015742266154128	1843/2676	1844/2317	5018/5825	48/98	5/10
BCDFG	0.8029470986637379	1855/2676	1839/2317	5024/5825	50/98	5/10
BCDG	0.7926963207029105	1822/2676	1794/2317	4993/5825	48/98	4/10
BCE	0.6572396119348344	1522/2676	1551/2317	4073/5825	33/98	2/10
BCEF	0.7206663005674537	1658/2676	1690/2317	4483/5825	40/98	3/10
BCEFG	0.7359509427054732	1693/2676	1699/2317	4600/5825	45/98	4/10
BCEG	0.695405454878272	1623/2676	1600/2317	4334/5825	37/98	4/10
BCF	0.620080541826835	1441/2676	1492/2317	3807/5825	32/98	3/10
BCFG	0.681127585575691	1603/2676	1586/2317	4207/5825	42/98	4/10
BCG	0.5345048508145708	1295/2676	1237/2317	3264/5825	41/98	3/10
BD	0.8125572030020135	1859/2676	1863/2317	5105/5825	47/98	4/10
BDE	0.7976386600768809	1824/2676	1832/2317	5010/5825	43/98	6/10
BDEF	0.8056013179571664	1867/2676	1832/2317	5051/5825	46/98	6/10
BDEFG	0.8089877356763683	1876/2676	1849/2317	5065/5825	44/98	5/10
BDEG	0.8027640490572945	1854/2676	1832/2317	5040/5825	40/98	5/10
BDF	0.8134724510342303	1868/2676	1857/2317	5111/5825	48/98	4/10
BDFG	0.8157605711147721	1883/2676	1861/2317	5118/5825	47/98	4/10
BDG	0.8052352187442797	1854/2676	1818/2317	5078/5825	45/98	3/10
BE	0.6949478308621636	1605/2676	1617/2317	4336/5825	34/98	1/10
BEF	0.7389712612117884	1700/2676	1715/2317	4618/5825	39/98	2/10
BEFG	0.753066080907926	1732/2676	1720/2317	4725/5825	47/98	4/10
BEG	0.718652754896577	1657/2676	1631/2317	4521/5825	39/98	4/10
BF	0.6506498261028739	1492/2676	1536/2317	4047/5825	33/98	1/10
BFG	0.709683324180853	1655/2676	1641/2317	4414/5825	41/98	3/10
BG	0.6056196229178107	1416/2676	1329/2317	3829/5825	41/98	2/10
CD	0.7834523155775215	1758/2676	1817/2317	4935/5825	46/98	4/10
CDE	0.7834523155775215	1783/2676	1815/2317	4916/5825	40/98	6/10
CDEF	0.7951674903898956	1836/2676	1830/2317	4972/5825	44/98	6/10
CDEFG	0.799835255354201	1856/2676	1836/2317	4996/5825	46/98	5/10
CDEG	0.790316675819147	1820/2676	1813/2317	4957/5825	40/98	5/10
CDF	0.7991030569284276	1839/2676	1844/2317	4997/5825	46/98	5/10
CDFG	0.7988284825187626	1840/2676	1826/2317	5008/5825	49/98	5/10
CDG	0.7872048325096102	1803/2676	1779/2317	4967/5825	48/98	4/10
CE	0.6418634449935933	1476/2676	1524/2317	3978/5825	33/98	2/10
CEF	0.7126121178839465	1640/2676	1683/2317	4420/5825	40/98	3/10
CEFG	0.7310086033315029	1681/2676	1687/2317	4570/5825	45/98	4/10
CEG	0.6828665568369028	1598/2676	1574/2317	4248/5825	37/98	4/10
CF	0.59518579535054	1373/2676	1455/2317	3641/5825	31/98	3/10
CFG	0.6653853194215632	1563/2676	1568/2317	4095/5825	40/98	4/10
CG	0.47766794801391177	1161/2676	1151/2317	2864/5825	39/98	4/10
DE	0.7957166392092258	1819/2676	1827/2317	5000/5825	42/98	6/10
DEF	0.8040453963023979	1864/2676	1834/2317	5036/5825	45/98	6/10
DEFG	0.8074318140215998	1868/2676	1846/2317	5058/5825	45/98	5/10
DEG	0.8002013545670876	1848/2676	1828/2317	5022/5825	40/98	5/10
DF	0.8130148270181219	1870/2676	1863/2317	5099/5825	47/98	4/10
DFG	0.8131063518213436	1877/2676	1852/2317	5103/5825	48/98	4/10
DG	0.8033131978766246	1845/2676	1813/2317	5069/5825	46/98	4/10
EF	0.7305509793153945	1681/2676	1704/2317	4557/5825	38/98	2/10
EFG	0.7488559399597291	1717/2676	1709/2317	4705/5825	47/98	4/10
EG	0.7085850265421929	1638/2676	1605/2317	4458/5825	37/98	4/10
FG	0.6944902068460553	1627/2676	1608/2317	4310/5825	40/98	3/10
